Workbook

Sheet results
A1: run_id | B1: asset | C1: horizon | D1: model | E1: cutoff_date | F1: target_date | G1: y_pred | H1: actual | I1: error_pct | J1: status
A2: run_20260707T113807 | B2: BTC-USD | C2: D1 | D2: ARIMA-GARCH | E2: 2026-06-29 | F2: 2026-06-30 | G2: 60085.07 | H2: 58558.86 | I2: =(G2-H2)/H2 -> 0.026062837 | J2: resolu
A3: run_20260707T113807 | B3: BTC-USD | C3: D1 | D3: SARIMA | E3: 2026-06-29 | F3: 2026-06-30 | G3: 60093.16 | H3: 58558.86 | I3: =(G3-H3)/H3 -> 0.026200988 | J3: resolu
A4: run_20260707T113807 | B4: BTC-USD | C4: D1 | D4: Prophet | E4: 2026-06-29 | F4: 2026-06-30 | G4: 85320.33 | H4: 58558.86 | I4: =(G4-H4)/H4 -> 0.45700121 | J4: resolu
A5: run_20260707T113807 | B5: BTC-USD | C5: D1 | D5: LSTM | E5: 2026-06-29 | F5: 2026-06-30 | G5: 60785.25 | H5: 58558.86 | I5: =(G5-H5)/H5 -> 0.038019695 | J5: resolu
A6: run_20260707T113807 | B6: BTC-USD | C6: D1 | D6: Naive | E6: 2026-06-29 | F6: 2026-06-30 | G6: 59383.88 | H6: 58558.86 | I6: =(G6-H6)/H6 -> 0.014088731 | J6: resolu
A7: run_20260707T113807 | B7: BTC-USD | C7: D7 | D7: ARIMA-GARCH | E7: 2026-06-29 | F7: 2026-07-06 | G7: 60051.49 | H7: 63088.3 | I7: =(G7-H7)/H7 -> -0.048135867 | J7: resolu
A8: run_20260707T113807 | B8: BTC-USD | C8: D7 | D8: SARIMA | E8: 2026-06-29 | F8: 2026-07-06 | G8: 60099.7 | H8: 63088.3 | I8: =(G8-H8)/H8 -> -0.0473717 | J8: resolu
A9: run_20260707T113807 | B9: BTC-USD | C9: D7 | D9: Prophet | E9: 2026-06-29 | F9: 2026-07-06 | G9: 86530.99 | H9: 63088.3 | I9: =(G9-H9)/H9 -> 0.37158538 | J9: resolu
A10: run_20260707T113807 | B10: BTC-USD | C10: D7 | D10: LSTM | E10: 2026-06-29 | F10: 2026-07-06 | G10: 61709.2 | H10: 63088.3 | I10: =(G10-H10)/H10 -> -0.021859838 | J10: resolu
A11: run_20260707T113807 | B11: BTC-USD | C11: D7 | D11: Naive | E11: 2026-06-29 | F11: 2026-07-06 | G11: 62848.9 | H11: 63088.3 | I11: =(G11-H11)/H11 -> -0.0037946814 | J11: resolu
A12: run_20260707T113807 | B12: ETH-USD | C12: D1 | D12: ARIMA-GARCH | E12: 2026-06-29 | F12: 2026-06-30 | G12: 1607.07 | H12: 1569.58 | I12: =(G12-H12)/H12 -> 0.023885371 | J12: resolu
A13: run_20260707T113807 | B13: ETH-USD | C13: D1 | D13: SARIMA | E13: 2026-06-29 | F13: 2026-06-30 | G13: 1611.8 | H13: 1569.58 | I13: =(G13-H13)/H13 -> 0.026898916 | J13: resolu
... A26: run_20260707T113807 | B26: SPY | C26: D1 | D26: Naive | E26: 2026-06-29 | F26: 2026-06-30 | G26: 731.7 | H26: 746.77 | I26: =(G26-H26)/H26 -> -0.020180243 | J26: resolu
A27: run_20260707T113807 | B27: SPY | C27: D7 | D27: ARIMA-GARCH | E27: 2026-06-29 | F27: 2026-07-06 | G27: 742.73 | J27: pending (D+7 non couvert par le holdout)
A28: run_20260707T113807 | B28: SPY | C28: D7 | D28: SARIMA | E28: 2026-06-29 | F28: 2026-07-06 | G28: 740.15 | J28: pending (D+7 non couvert par le holdout)
A29: run_20260707T113807 | B29: SPY | C29: D7 | D29: Prophet | E29: 2026-06-29 | F29: 2026-07-06 | G29: 729.11 | J29: pending (D+7 non couvert par le holdout)
A30: run_20260707T113807 | B30: SPY | C30: D7 | D30: LSTM | E30: 2026-06-29 | F30: 2026-07-06 | G30: 736.11 | J30: pending (D+7 non couvert par le holdout)
A31: run_20260707T113807 | B31: SPY | C31: D7 | D31: Naive | E31: 2026-06-29 | F31: 2026-07-06 | G31: 774.4 | J31: pending (D+7 non couvert par le holdout)
A32: run_20260707T113807 | B32: ZN=F | C32: D1 | D32: ARIMA-GARCH | E32: 2026-06-29 | F32: 2026-06-30 | G32: 110.19 | H32: 109.89 | I32: =(G32-H32)/H32 -> 0.0027300027 | J32: resolu
A33: run_20260707T113807 | B33: ZN=F | C33: D1 | D33: SARIMA | E33: 2026-06-29 | F33: 2026-06-30 | G33: 110.18 | H33: 109.89 | I33: =(G33-H33)/H33 -> 0.0026390026 | J33: resolu
A34: run_20260707T113807 | B34: ZN=F | C34: D1 | D34: Prophet | E34: 2026-06-29 | F34: 2026-06-30 | G34: 111.68 | H34: 109.89 | I34: =(G34-H34)/H34 -> 0.016289016 | J34: resolu
A35: run_20260707T113807 | B35: ZN=F | C35: D1 | D35: LSTM | E35: 2026-06-29 | F35: 2026-06-30 | G35: 110.12 | H35: 109.89 | I35: =(G35-H35)/H35 -> 0.0020930021 | J35: resolu
A36: run_20260707T113807 | B36: ZN=F | C36: D1 | D36: Naive | E36: 2026-06-29 | F36: 2026-06-30 | G36: 108.81 | H36: 109.89 | I36: =(G36-H36)/H36 -> -0.0098280098 | J36: resolu
A37: run_20260707T113807 | B37: ZN=F | C37: D7 | D37: ARIMA-GARCH | E37: 2026-06-29 | F37: 2026-07-06 | G37: 110.17 | J37: pending (D+7 non couvert par le holdout)
A38: run_20260707T113807 | B38: ZN=F | C38: D7 | D38: SARIMA | E38: 2026-06-29 | F38: 2026-07-06 | G38: 110.19 | J38: pending (D+7 non couvert par le holdout)
A39: run_20260707T113807 | B39: ZN=F | C39: D7 | D39: Prophet | E39: 2026-06-29 | F39: 2026-07-06 | G39: 111.86 | J39: pending (D+7 non couvert par le holdout)
A40: run_20260707T113807 | B40: ZN=F | C40: D7 | D40: LSTM | E40: 2026-06-29 | F40: 2026-07-06 | G40: 110.36 | J40: pending (D+7 non couvert par le holdout)
A41: run_20260707T113807 | B41: ZN=F | C41: D7 | D41: Naive | E41: 2026-06-29 | F41: 2026-07-06 | G41: 115.15 | J41: pending (D+7 non couvert par le holdout)
A42: run_20260707T113807 | B42: TLT | C42: D1 | D42: ARIMA-GARCH | E42: 2026-06-29 | F42: 2026-06-30 | G42: 87.13 | H42: 86.1 | I42: =(G42-H42)/H42 -> 0.011962834 | J42: resolu
A43: run_20260707T113807 | B43: TLT | C43: D1 | D43: SARIMA | E43: 2026-06-29 | F43: 2026-06-30 | G43: 87.07 | H43: 86.1 | I43: =(G43-H43)/H43 -> 0.01126597 | J43: resolu
A44: run_20260707T113807 | B44: TLT | C44: D1 | D44: Prophet | E44: 2026-06-29 | F44: 2026-06-30 | G44: 85.92 | H44: 86.1 | I44: =(G44-H44)/H44 -> -0.0020905923 | J44: resolu
A45: run_20260707T113807 | B45: TLT | C45: D1 | D45: LSTM | E45: 2026-06-29 | F45: 2026-06-30 | G45: 86.96 | H45: 86.1 | I45: =(G45-H45)/H45 -> 0.0099883856 | J45: resolu
A46: run_20260707T113807 | B46: TLT | C46: D1 | D46: Naive | E46: 2026-06-29 | F46: 2026-06-30 | G46: 86.04 | H46: 86.1 | I46: =(G46-H46)/H46 -> -0.00069686411 | J46: resolu
A47: run_20260707T113807 | B47: TLT | C47: D7 | D47: ARIMA-GARCH | E47: 2026-06-29 | F47: 2026-07-06 | G47: 87.12 | J47: pending (D+7 non couvert par le holdout)
A48: run_20260707T113807 | B48: TLT | C48: D7 | D48: SARIMA | E48: 2026-06-29 | F48: 2026-07-06 | G48: 87.12 | J48: pending (D+7 non couvert par le holdout)
A49: run_20260707T113807 | B49: TLT | C49: D7 | D49: Prophet | E49: 2026-06-29 | F49: 2026-07-06 | G49: 86.19 | J49: pending (D+7 non couvert par le holdout)
A50: run_20260707T113807 | B50: TLT | C50: D7 | D50: LSTM | E50: 2026-06-29 | F50: 2026-07-06 | G50: 87.42 | J50: pending (D+7 non couvert par le holdout)
A51: run_20260707T113807 | B51: TLT | C51: D7 | D51: Naive | E51: 2026-06-29 | F51: 2026-07-06 | G51: 91.06 | J51: pending (D+7 non couvert par le holdout)

Sheet synthese_mape
A1: model | B1: MAPE_D1_pct | C1: MAPE_D7_pct_(BTC_ETH)
A2: ARIMA-GARCH | B2: =SUMPRODUCT((results!D2:D51="ARIMA-GARCH")*(results!C2:C51="D1")*ABS(results!I2:I51))/SUMPRODUCT((results!D2:D51="ARIMA-GARCH")*(results!C2:C51="D1")) -> 0.014835088 | C2: =SUMPRODUCT((results!D2:D51="ARIMA-GARCH")*(results!C2:C51="D7")*(results!J2:J51="resolu")*ABS(results!I2:I51))/SUMPRODUCT((results!D2:D51="ARIMA-GARCH")*(results!C2:C51="D7")*(results!J2:J51="resolu")) -> 0.072141884
A3: SARIMA | B3: =SUMPRODUCT((results!D2:D51="SARIMA")*(results!C2:C51="D1")*ABS(results!I2:I51))/SUMPRODUCT((results!D2:D51="SARIMA")*(results!C2:C51="D1")) -> 0.015313211 | C3: =SUMPRODUCT((results!D2:D51="SARIMA")*(results!C2:C51="D7")*(results!J2:J51="resolu")*ABS(results!I2:I51))/SUMPRODUCT((results!D2:D51="SARIMA")*(results!C2:C51="D7")*(results!J2:J51="resolu")) -> 0.071391622
A4: Prophet | B4: =SUMPRODUCT((results!D2:D51="Prophet")*(results!C2:C51="D1")*ABS(results!I2:I51))/SUMPRODUCT((results!D2:D51="Prophet")*(results!C2:C51="D1")) -> 0.20032796 | C4: =SUMPRODUCT((results!D2:D51="Prophet")*(results!C2:C51="D7")*(results!J2:J51="resolu")*ABS(results!I2:I51))/SUMPRODUCT((results!D2:D51="Prophet")*(results!C2:C51="D7")*(results!J2:J51="resolu")) -> 0.36209663
A5: LSTM | B5: =SUMPRODUCT((results!D2:D51="LSTM")*(results!C2:C51="D1")*ABS(results!I2:I51))/SUMPRODUCT((results!D2:D51="LSTM")*(results!C2:C51="D1")) -> 0.015607077 | C5: =SUMPRODUCT((results!D2:D51="LSTM")*(results!C2:C51="D7")*(results!J2:J51="resolu")*ABS(results!I2:I51))/SUMPRODUCT((results!D2:D51="LSTM")*(results!C2:C51="D7")*(results!J2:J51="resolu")) -> 0.053545839
A6: Naive | B6: =SUMPRODUCT((results!D2:D51="Naive")*(results!C2:C51="D1")*ABS(results!I2:I51))/SUMPRODUCT((results!D2:D51="Naive")*(results!C2:C51="D1")) -> 0.011560739 | C6: =SUMPRODUCT((results!D2:D51="Naive")*(results!C2:C51="D7")*(results!J2:J51="resolu")*ABS(results!I2:I51))/SUMPRODUCT((results!D2:D51="Naive")*(results!C2:C51="D7")*(results!J2:J51="resolu")) -> 0.028948599
